{"cameraMode":{"drawMode":0,"name":"Shaded","section":"Shading Mode"},"sceneLighting":true,"audioPlay":false,"sceneViewState":{"showFog":false,"showMaterialUpdate":false,"showSkybox":false,"showFlares":false,"showImageEffects":false,"showParticleSystems":false},"in2DMode":false,"pivot":{"x":2.244342803955078,"y":3.564178466796875,"z":-0.20751953125},"rotation":{"x":0.07644408196210861,"y":-0.19317953288555146,"z":0.015101428143680096,"w":0.9780720472335815},"size":3.3437318801879885,"orthographic":true}