{"cameraMode":{"drawMode":0,"name":"Shaded","section":"Shading Mode"},"sceneLighting":true,"audioPlay":false,"sceneViewState":{"showFog":true,"showMaterialUpdate":false,"showSkybox":true,"showFlares":true,"showImageEffects":true,"showParticleSystems":true},"in2DMode":false,"pivot":{"x":3.57745361328125,"y":55.7138671875,"z":-166.41796875},"rotation":{"x":0.14053165912628175,"y":-0.00683014327660203,"z":0.0009662135853432119,"w":0.9900637269020081},"size":8.085623741149903,"orthographic":true}